COMPONENT,WEIGHT
1,1
2,1
3,1
4,1
5,1
6,1
7,0.666666667
8,0.666666667
9,0.666666667